"id","projectName","transformType","transformTypeId","ErrorReason"
"1","spring-hateoas","FOR_TO_WHILE","1","No changes detected---no transform"
"2","spring-hateoas","ADD_ASSIGNMENT_TO_EQUAL_ASSIGNMENT","7","No changes detected---no transform"
"3","spring-hateoas","PRE_POST_FIX_EXPRESSION_DIVIDING","16","No changes detected---no transform"
"6","spring-hateoas","SINGLE_IF_TO_CONDITIONAL_EXP","4","No changes detected---no transform"
"7","spring-hateoas","SWITCH_STRING_EQUAL","15","No changes detected---no transform"
"9","spring-hateoas","VAR_DECLARATION_DIVIDING","13","No changes detected---no transform"
"12","spring-hateoas","ADD_ASSIGNMENT_TO_EQUAL_ASSIGNMENT","7","No changes detected---no transform"
"13","spring-hateoas","SINGLE_IF_TO_CONDITIONAL_EXP","4","No changes detected---no transform"
"15","spring-hateoas","IF_DIVIDING","9","No changes detected---no transform"
"16","spring-hateoas","INFIX_EXPRESSION_DIVIDING","8","No changes detected---no transform"
"19","spring-hateoas","PRE_POST_FIX_EXPRESSION_DIVIDING","16","No changes detected---no transform"
"20","spring-hateoas","PP_TO_ADD_ASSIGNMENT","6","No changes detected---no transform"
"21","spring-hateoas","CASE_TO_IF_ELSE","17","No changes detected---no transform"
"23","spring-hateoas","IF_DIVIDING","9","No changes detected---no transform"
"24","spring-hateoas","SWITCH_STRING_EQUAL","15","No changes detected---no transform"
"25","spring-hateoas","PP_TO_ADD_ASSIGNMENT","6","No changes detected---no transform"
"26","spring-hateoas","VAR_DECLARATION_DIVIDING","13","No changes detected---no transform"
"27","spring-hateoas","SINGLE_IF_TO_CONDITIONAL_EXP","4","No changes detected---no transform"
"28","spring-hateoas","ADD_ASSIGNMENT_TO_EQUAL_ASSIGNMENT","7","No changes detected---no transform"
"30","spring-hateoas","FOR_TO_WHILE","1","No changes detected---no transform"
"31","spring-hateoas","FOR_TO_WHILE","1","No changes detected---no transform"
"32","spring-hateoas","SINGLE_IF_TO_CONDITIONAL_EXP","4","No changes detected---no transform"
"33","spring-hateoas","VAR_DECLARATION_MERGING","12","No changes detected---no transform"
"34","spring-hateoas","SWITCH_STRING_EQUAL","15","No changes detected---no transform"
"35","spring-hateoas","ADD_ASSIGNMENT_TO_EQUAL_ASSIGNMENT","7","No changes detected---no transform"
"36","spring-hateoas","PP_TO_ADD_ASSIGNMENT","6","No changes detected---no transform"
"39","spring-hateoas","CASE_TO_IF_ELSE","17","No changes detected---no transform"
"43","spring-hateoas","PP_TO_ADD_ASSIGNMENT","6","No changes detected---no transform"
"46","spring-hateoas","SWITCH_EQUAL_SIDES","14","No changes detected---no transform"
"49","spring-hateoas","PRE_POST_FIX_EXPRESSION_DIVIDING","16","No changes detected---no transform"
"52","spring-hateoas","PP_TO_ADD_ASSIGNMENT","6","No changes detected---no transform"
"53","spring-hateoas","FOR_TO_WHILE","1","No changes detected---no transform"
"55","spring-hateoas","ADD_ASSIGNMENT_TO_EQUAL_ASSIGNMENT","7","No changes detected---no transform"
"57","spring-hateoas","SWITCH_STRING_EQUAL","15","No changes detected---no transform"
"58","spring-hateoas","INFIX_EXPRESSION_DIVIDING","8","No changes detected---no transform"
"59","spring-hateoas","SWITCH_EQUAL_SIDES","14","No changes detected---no transform"
"61","spring-hateoas","PRE_POST_FIX_EXPRESSION_DIVIDING","16","No changes detected---no transform"
"63","spring-hateoas","INFIX_EXPRESSION_DIVIDING","8","No changes detected---no transform"
"64","spring-hateoas","SWITCH_EQUAL_SIDES","14","No changes detected---no transform"
"65","spring-hateoas","SWITCH_STRING_EQUAL","15","No changes detected---no transform"
"66","spring-hateoas","LOOP_IF_CONTINUE_TO_ELSE","11","No changes detected---no transform"
"67","spring-hateoas","LOOP_IF_CONTINUE_TO_ELSE","11","No changes detected---no transform"
"68","spring-hateoas","LOOP_IF_CONTINUE_TO_ELSE","11","No changes detected---no transform"
"69","spring-hateoas","VAR_DECLARATION_MERGING","12","No changes detected---no transform"
"72","spring-hateoas","VAR_DECLARATION_DIVIDING","13","No changes detected---no transform"
"73","spring-hateoas","VAR_DECLARATION_MERGING","12","No changes detected---no transform"
"74","spring-hateoas","VAR_DECLARATION_DIVIDING","13","No changes detected---no transform"
"77","spring-hateoas","SINGLE_IF_TO_CONDITIONAL_EXP","4","No changes detected---no transform"
"78","spring-hateoas","SWITCH_EQUAL_SIDES","14","No changes detected---no transform"
"79","spring-hateoas","IF_DIVIDING","9","No changes detected---no transform"
"80","spring-hateoas","SINGLE_IF_TO_CONDITIONAL_EXP","4","No changes detected---no transform"
"81","spring-hateoas","LOOP_IF_CONTINUE_TO_ELSE","11","No changes detected---no transform"
"84","spring-hateoas","WHILE_TO_FOR","2","No changes detected---no transform"
"86","spring-hateoas","SWITCH_EQUAL_SIDES","14","No changes detected---no transform"
"88","spring-hateoas","INFIX_EXPRESSION_DIVIDING","8","No changes detected---no transform"
"89","spring-hateoas","ADD_ASSIGNMENT_TO_EQUAL_ASSIGNMENT","7","No changes detected---no transform"
"90","spring-hateoas","INFIX_EXPRESSION_DIVIDING","8","No changes detected---no transform"
"92","spring-hateoas","VAR_DECLARATION_DIVIDING","13","No changes detected---no transform"
"93","spring-hateoas","SWITCH_EQUAL_SIDES","14","No changes detected---no transform"
"94","spring-hateoas","PRE_POST_FIX_EXPRESSION_DIVIDING","16","No changes detected---no transform"
"95","spring-hateoas","SWITCH_STRING_EQUAL","15","No changes detected---no transform"
"96","spring-hateoas","CASE_TO_IF_ELSE","17","No changes detected---no transform"
"97","spring-hateoas","WHILE_TO_FOR","2","No changes detected---no transform"
"98","spring-hateoas","WHILE_TO_FOR","2","No changes detected---no transform"
"99","spring-hateoas","SWITCH_EQUAL_SIDES","14","No changes detected---no transform"
"2","Webgoat","ADD_ASSIGNMENT_TO_EQUAL_ASSIGNMENT","7","No changes detected---no transform"
"4","Webgoat","ADD_ASSIGNMENT_TO_EQUAL_ASSIGNMENT","7","No changes detected---no transform"
"5","Webgoat","VAR_DECLARATION_MERGING","12","No changes detected---no transform"
"7","Webgoat","CASE_TO_IF_ELSE","17","No changes detected---no transform"
"8","Webgoat","SWITCH_STRING_EQUAL","15","No changes detected---no transform"
"9","Webgoat","SWITCH_EQUAL_SIDES","14","No changes detected---no transform"
"10","Webgoat","ADD_ASSIGNMENT_TO_EQUAL_ASSIGNMENT","7","No changes detected---no transform"
"11","Webgoat","ADD_ASSIGNMENT_TO_EQUAL_ASSIGNMENT","7","No changes detected---no transform"
"12","Webgoat","STATEMENTS_ORDER_REARRANGEMENT","10","No changes detected---no transform"
"13","Webgoat","INFIX_EXPRESSION_DIVIDING","8","No changes detected---no transform"
"15","Webgoat","WHILE_TO_FOR","2","No changes detected---no transform"
"16","Webgoat","VAR_DECLARATION_DIVIDING","13","No changes detected---no transform"
"17","Webgoat","FOR_TO_WHILE","1","No changes detected---no transform"
"18","Webgoat","SINGLE_IF_TO_CONDITIONAL_EXP","4","No changes detected---no transform"
"19","Webgoat","WHILE_TO_FOR","2","No changes detected---no transform"
"20","Webgoat","CASE_TO_IF_ELSE","17","No changes detected---no transform"
"21","Webgoat","ADD_ASSIGNMENT_TO_EQUAL_ASSIGNMENT","7","No changes detected---no transform"
"22","Webgoat","SWITCH_STRING_EQUAL","15","No changes detected---no transform"
"23","Webgoat","STATEMENTS_ORDER_REARRANGEMENT","10","No changes detected---no transform"
"24","Webgoat","CASE_TO_IF_ELSE","17","No changes detected---no transform"
"25","Webgoat","REVERSE_IF_ELSE","3","No changes detected---no transform"
"26","Webgoat","WHILE_TO_FOR","2","No changes detected---no transform"
"27","Webgoat","ADD_ASSIGNMENT_TO_EQUAL_ASSIGNMENT","7","No changes detected---no transform"
"28","Webgoat","SWITCH_EQUAL_SIDES","14","No changes detected---no transform"
"29","Webgoat","IF_DIVIDING","9","No changes detected---no transform"
"30","Webgoat","CASE_TO_IF_ELSE","17","No changes detected---no transform"
"31","Webgoat","CONDITIONAL_EXP_TO_SINGLE_IF","5","No changes detected---no transform"
"32","Webgoat","PP_TO_ADD_ASSIGNMENT","6","No changes detected---no transform"
"33","Webgoat","PP_TO_ADD_ASSIGNMENT","6","No changes detected---no transform"
"34","Webgoat","STATEMENTS_ORDER_REARRANGEMENT","10","No changes detected---no transform"
"35","Webgoat","VAR_DECLARATION_MERGING","12","No changes detected---no transform"
"36","Webgoat","PRE_POST_FIX_EXPRESSION_DIVIDING","16","No changes detected---no transform"
"37","Webgoat","STATEMENTS_ORDER_REARRANGEMENT","10","No changes detected---no transform"
"38","Webgoat","CONDITIONAL_EXP_TO_SINGLE_IF","5","No changes detected---no transform"
"39","Webgoat","SINGLE_IF_TO_CONDITIONAL_EXP","4","No changes detected---no transform"
"40","Webgoat","ADD_ASSIGNMENT_TO_EQUAL_ASSIGNMENT","7","No changes detected---no transform"
"41","Webgoat","WHILE_TO_FOR","2","No changes detected---no transform"
"42","Webgoat","FOR_TO_WHILE","1","No changes detected---no transform"
"43","Webgoat","SINGLE_IF_TO_CONDITIONAL_EXP","4","No changes detected---no transform"
"44","Webgoat","WHILE_TO_FOR","2","No changes detected---no transform"
"45","Webgoat","PP_TO_ADD_ASSIGNMENT","6","No changes detected---no transform"
"46","Webgoat","SINGLE_IF_TO_CONDITIONAL_EXP","4","No changes detected---no transform"
"47","Webgoat","PP_TO_ADD_ASSIGNMENT","6","No changes detected---no transform"
"48","Webgoat","VAR_DECLARATION_MERGING","12","No changes detected---no transform"
"49","Webgoat","IF_DIVIDING","9","No changes detected---no transform"
"51","Webgoat","CONDITIONAL_EXP_TO_SINGLE_IF","5","No changes detected---no transform"
"52","Webgoat","WHILE_TO_FOR","2","No changes detected---no transform"
"53","Webgoat","INFIX_EXPRESSION_DIVIDING","8","No changes detected---no transform"
"54","Webgoat","INFIX_EXPRESSION_DIVIDING","8","No changes detected---no transform"
"55","Webgoat","WHILE_TO_FOR","2","No changes detected---no transform"
"56","Webgoat","VAR_DECLARATION_MERGING","12","No changes detected---no transform"
"57","Webgoat","VAR_DECLARATION_MERGING","12","No changes detected---no transform"
"58","Webgoat","CONDITIONAL_EXP_TO_SINGLE_IF","5","No changes detected---no transform"
"59","Webgoat","STATEMENTS_ORDER_REARRANGEMENT","10","No changes detected---no transform"
"60","Webgoat","PRE_POST_FIX_EXPRESSION_DIVIDING","16","No changes detected---no transform"
"61","Webgoat","ADD_ASSIGNMENT_TO_EQUAL_ASSIGNMENT","7","No changes detected---no transform"
"62","Webgoat","SINGLE_IF_TO_CONDITIONAL_EXP","4","No changes detected---no transform"
"63","Webgoat","STATEMENTS_ORDER_REARRANGEMENT","10","No changes detected---no transform"
"64","Webgoat","PP_TO_ADD_ASSIGNMENT","6","No changes detected---no transform"
"65","Webgoat","IF_DIVIDING","9","No changes detected---no transform"
"66","Webgoat","CONDITIONAL_EXP_TO_SINGLE_IF","5","No changes detected---no transform"
"67","Webgoat","STATEMENTS_ORDER_REARRANGEMENT","10","No changes detected---no transform"
"68","Webgoat","IF_DIVIDING","9","No changes detected---no transform"
"69","Webgoat","LOOP_IF_CONTINUE_TO_ELSE","11","No changes detected---no transform"
"70","Webgoat","SINGLE_IF_TO_CONDITIONAL_EXP","4","No changes detected---no transform"
"71","Webgoat","LOOP_IF_CONTINUE_TO_ELSE","11","No changes detected---no transform"
"72","Webgoat","IF_DIVIDING","9","No changes detected---no transform"
"73","Webgoat","WHILE_TO_FOR","2","No changes detected---no transform"
"74","Webgoat","FOR_TO_WHILE","1","No changes detected---no transform"
"75","Webgoat","SINGLE_IF_TO_CONDITIONAL_EXP","4","No changes detected---no transform"
"76","Webgoat","IF_DIVIDING","9","No changes detected---no transform"
"77","Webgoat","STATEMENTS_ORDER_REARRANGEMENT","10","No changes detected---no transform"
"79","Webgoat","PRE_POST_FIX_EXPRESSION_DIVIDING","16","No changes detected---no transform"
"80","Webgoat","INFIX_EXPRESSION_DIVIDING","8","No changes detected---no transform"
"81","Webgoat","SWITCH_EQUAL_SIDES","14","No changes detected---no transform"
"82","Webgoat","SWITCH_STRING_EQUAL","15","No changes detected---no transform"
"83","Webgoat","VAR_DECLARATION_MERGING","12","No changes detected---no transform"
"84","Webgoat","SINGLE_IF_TO_CONDITIONAL_EXP","4","No changes detected---no transform"
"85","Webgoat","PP_TO_ADD_ASSIGNMENT","6","No changes detected---no transform"
"86","Webgoat","WHILE_TO_FOR","2","No changes detected---no transform"
"87","Webgoat","REVERSE_IF_ELSE","3","No changes detected---no transform"
"88","Webgoat","REVERSE_IF_ELSE","3","No changes detected---no transform"
"89","Webgoat","WHILE_TO_FOR","2","No changes detected---no transform"
"90","Webgoat","VAR_DECLARATION_MERGING","12","No changes detected---no transform"
"91","Webgoat","VAR_DECLARATION_DIVIDING","13","No changes detected---no transform"
"93","Webgoat","STATEMENTS_ORDER_REARRANGEMENT","10","No changes detected---no transform"
"94","Webgoat","WHILE_TO_FOR","2","No changes detected---no transform"
"95","Webgoat","INFIX_EXPRESSION_DIVIDING","8","No changes detected---no transform"
"96","Webgoat","WHILE_TO_FOR","2","No changes detected---no transform"
"97","Webgoat","CONDITIONAL_EXP_TO_SINGLE_IF","5","No changes detected---no transform"
"98","Webgoat","STATEMENTS_ORDER_REARRANGEMENT","10","No changes detected---no transform"
"99","Webgoat","LOOP_IF_CONTINUE_TO_ELSE","11","No changes detected---no transform"
"0","Webgoat","FOR_TO_WHILE","1","No changes detected---no transform"
"0","Webgoat","STATEMENTS_ORDER_REARRANGEMENT","10","No changes detected---no transform"
"0","Webgoat","WHILE_TO_FOR","2","No changes detected---no transform"
"0","Webgoat","SWITCH_STRING_EQUAL","15","No changes detected---no transform"
"1","RuoYi","FOR_TO_WHILE","1","No changes detected---no transform"
"2","RuoYi","WHILE_TO_FOR","2","No changes detected---no transform"
"4","RuoYi","FOR_TO_WHILE","1","No changes detected---no transform"
"5","RuoYi","FOR_TO_WHILE","1","No changes detected---no transform"
"6","RuoYi","REVERSE_IF_ELSE","3","No changes detected---no transform"
"7","RuoYi","FOR_TO_WHILE","1","No changes detected---no transform"
"8","RuoYi","FOR_TO_WHILE","1","No changes detected---no transform"
"9","RuoYi","PP_TO_ADD_ASSIGNMENT","6","No changes detected---no transform"
"0","RuoYi","SINGLE_IF_TO_CONDITIONAL_EXP","4","No changes detected---no transform"
"1","RuoYi","PRE_POST_FIX_EXPRESSION_DIVIDING","16","No changes detected---no transform"
"2","RuoYi","PP_TO_ADD_ASSIGNMENT","6","No changes detected---no transform"
"3","RuoYi","ADD_ASSIGNMENT_TO_EQUAL_ASSIGNMENT","7","No changes detected---no transform"
"4","RuoYi","PRE_POST_FIX_EXPRESSION_DIVIDING","16","No changes detected---no transform"
"6","RuoYi","FOR_TO_WHILE","1","No changes detected---no transform"
"7","RuoYi","VAR_DECLARATION_DIVIDING","13","No changes detected---no transform"
"8","RuoYi","CASE_TO_IF_ELSE","17","No changes detected---no transform"
"9","RuoYi","INFIX_EXPRESSION_DIVIDING","8","No changes detected---no transform"
"10","RuoYi","REVERSE_IF_ELSE","3","No changes detected---no transform"
"11","RuoYi","SWITCH_STRING_EQUAL","15","No changes detected---no transform"
"12","RuoYi","LOOP_IF_CONTINUE_TO_ELSE","11","No changes detected---no transform"
"13","RuoYi","WHILE_TO_FOR","2","No changes detected---no transform"
"14","RuoYi","SWITCH_STRING_EQUAL","15","No changes detected---no transform"
"15","RuoYi","PP_TO_ADD_ASSIGNMENT","6","No changes detected---no transform"
"16","RuoYi","IF_DIVIDING","9","No changes detected---no transform"
"17","RuoYi","ADD_ASSIGNMENT_TO_EQUAL_ASSIGNMENT","7","No changes detected---no transform"
"18","RuoYi","LOOP_IF_CONTINUE_TO_ELSE","11","No changes detected---no transform"
"19","RuoYi","WHILE_TO_FOR","2","No changes detected---no transform"
"20","RuoYi","IF_DIVIDING","9","No changes detected---no transform"
"21","RuoYi","FOR_TO_WHILE","1","No changes detected---no transform"
"22","RuoYi","VAR_DECLARATION_MERGING","12","No changes detected---no transform"
"23","RuoYi","SWITCH_STRING_EQUAL","15","No changes detected---no transform"
"24","RuoYi","VAR_DECLARATION_DIVIDING","13","No changes detected---no transform"
"25","RuoYi","CASE_TO_IF_ELSE","17","No changes detected---no transform"
"27","RuoYi","SINGLE_IF_TO_CONDITIONAL_EXP","4","No changes detected---no transform"
"28","RuoYi","CONDITIONAL_EXP_TO_SINGLE_IF","5","No changes detected---no transform"
"29","RuoYi","FOR_TO_WHILE","1","No changes detected---no transform"
"30","RuoYi","LOOP_IF_CONTINUE_TO_ELSE","11","No changes detected---no transform"
"31","RuoYi","LOOP_IF_CONTINUE_TO_ELSE","11","No changes detected---no transform"
"32","RuoYi","SWITCH_EQUAL_SIDES","14","No changes detected---no transform"
"33","RuoYi","REVERSE_IF_ELSE","3","No changes detected---no transform"
"34","RuoYi","PP_TO_ADD_ASSIGNMENT","6","No changes detected---no transform"
"36","RuoYi","LOOP_IF_CONTINUE_TO_ELSE","11","No changes detected---no transform"
"37","RuoYi","FOR_TO_WHILE","1","No changes detected---no transform"
"38","RuoYi","IF_DIVIDING","9","No changes detected---no transform"
"39","RuoYi","IF_DIVIDING","9","No changes detected---no transform"
"40","RuoYi","LOOP_IF_CONTINUE_TO_ELSE","11","No changes detected---no transform"
"41","RuoYi","REVERSE_IF_ELSE","3","No changes detected---no transform"
"42","RuoYi","INFIX_EXPRESSION_DIVIDING","8","No changes detected---no transform"
"43","RuoYi","LOOP_IF_CONTINUE_TO_ELSE","11","No changes detected---no transform"
"44","RuoYi","PRE_POST_FIX_EXPRESSION_DIVIDING","16","No changes detected---no transform"
"45","RuoYi","SWITCH_EQUAL_SIDES","14","No changes detected---no transform"
"47","RuoYi","WHILE_TO_FOR","2","No changes detected---no transform"
"48","RuoYi","SINGLE_IF_TO_CONDITIONAL_EXP","4","No changes detected---no transform"
"49","RuoYi","LOOP_IF_CONTINUE_TO_ELSE","11","No changes detected---no transform"
"6","RuoYi/ruoyi-admin","SWITCH_STRING_EQUAL","15","No changes detected---no transform"
"8","RuoYi/ruoyi-admin","SINGLE_IF_TO_CONDITIONAL_EXP","4","No changes detected---no transform"
"9","RuoYi/ruoyi-admin","LOOP_IF_CONTINUE_TO_ELSE","11","No changes detected---no transform"
"11","RuoYi/ruoyi-admin","FOR_TO_WHILE","1","No changes detected---no transform"
"13","RuoYi/ruoyi-admin","VAR_DECLARATION_MERGING","12","No changes detected---no transform"
"14","RuoYi/ruoyi-admin","CONDITIONAL_EXP_TO_SINGLE_IF","5","No changes detected---no transform"
"15","RuoYi/ruoyi-admin","CASE_TO_IF_ELSE","17","No changes detected---no transform"
"16","RuoYi/ruoyi-admin","CONDITIONAL_EXP_TO_SINGLE_IF","5","No changes detected---no transform"
"17","RuoYi/ruoyi-admin","CASE_TO_IF_ELSE","17","No changes detected---no transform"
"18","RuoYi/ruoyi-admin","REVERSE_IF_ELSE","3","No changes detected---no transform"
"19","RuoYi/ruoyi-admin","LOOP_IF_CONTINUE_TO_ELSE","11","No changes detected---no transform"
"20","RuoYi/ruoyi-admin","PRE_POST_FIX_EXPRESSION_DIVIDING","16","No changes detected---no transform"
"21","RuoYi/ruoyi-admin","PRE_POST_FIX_EXPRESSION_DIVIDING","16","No changes detected---no transform"
"22","RuoYi/ruoyi-admin","ADD_ASSIGNMENT_TO_EQUAL_ASSIGNMENT","7","No changes detected---no transform"
"25","RuoYi/ruoyi-admin","SWITCH_EQUAL_SIDES","14","No changes detected---no transform"
"26","RuoYi/ruoyi-admin","SWITCH_EQUAL_SIDES","14","No changes detected---no transform"
"27","RuoYi/ruoyi-admin","IF_DIVIDING","9","No changes detected---no transform"
"28","RuoYi/ruoyi-admin","SWITCH_STRING_EQUAL","15","No changes detected---no transform"
"29","RuoYi/ruoyi-admin","SWITCH_STRING_EQUAL","15","No changes detected---no transform"
"31","RuoYi/ruoyi-admin","SWITCH_STRING_EQUAL","15","No changes detected---no transform"
"32","RuoYi/ruoyi-admin","CASE_TO_IF_ELSE","17","No changes detected---no transform"
"33","RuoYi/ruoyi-admin","WHILE_TO_FOR","2","No changes detected---no transform"
"34","RuoYi/ruoyi-admin","FOR_TO_WHILE","1","No changes detected---no transform"
"36","RuoYi/ruoyi-admin","WHILE_TO_FOR","2","No changes detected---no transform"
"37","RuoYi/ruoyi-admin","VAR_DECLARATION_MERGING","12","No changes detected---no transform"
"38","RuoYi/ruoyi-admin","SINGLE_IF_TO_CONDITIONAL_EXP","4","No changes detected---no transform"
"39","RuoYi/ruoyi-admin","SINGLE_IF_TO_CONDITIONAL_EXP","4","No changes detected---no transform"
"40","RuoYi/ruoyi-admin","VAR_DECLARATION_DIVIDING","13","No changes detected---no transform"
"41","RuoYi/ruoyi-admin","SWITCH_EQUAL_SIDES","14","No changes detected---no transform"
"43","RuoYi/ruoyi-admin","PRE_POST_FIX_EXPRESSION_DIVIDING","16","No changes detected---no transform"
"44","RuoYi/ruoyi-admin","INFIX_EXPRESSION_DIVIDING","8","No changes detected---no transform"
"46","RuoYi/ruoyi-admin","CASE_TO_IF_ELSE","17","No changes detected---no transform"
"48","RuoYi/ruoyi-admin","ADD_ASSIGNMENT_TO_EQUAL_ASSIGNMENT","7","No changes detected---no transform"
"49","RuoYi/ruoyi-admin","ADD_ASSIGNMENT_TO_EQUAL_ASSIGNMENT","7","No changes detected---no transform"
"0","RuoYi/ruoyi-admin","SWITCH_STRING_EQUAL","15","No changes detected---no transform"
"0","RuoYi/ruoyi-admin","FOR_TO_WHILE","1","No changes detected---no transform"
"0","RuoYi/ruoyi-admin","WHILE_TO_FOR","2","No changes detected---no transform"
"1","RuoYi/ruoyi-common","WHILE_TO_FOR","2","No changes detected---no transform"
"2","RuoYi/ruoyi-common","WHILE_TO_FOR","2","No changes detected---no transform"
"3","RuoYi/ruoyi-common","WHILE_TO_FOR","2","No changes detected---no transform"
"4","RuoYi/ruoyi-common","WHILE_TO_FOR","2","No changes detected---no transform"
"5","RuoYi/ruoyi-common","WHILE_TO_FOR","2","No changes detected---no transform"
"6","RuoYi/ruoyi-common","WHILE_TO_FOR","2","No changes detected---no transform"
"7","RuoYi/ruoyi-common","WHILE_TO_FOR","2","No changes detected---no transform"
"8","RuoYi/ruoyi-common","WHILE_TO_FOR","2","No changes detected---no transform"
"9","RuoYi/ruoyi-common","WHILE_TO_FOR","2","No changes detected---no transform"
"0","RuoYi/ruoyi-common","WHILE_TO_FOR","2","No changes detected---no transform"
"1","RuoYi/ruoyi-common","WHILE_TO_FOR","2","No changes detected---no transform"
"2","RuoYi/ruoyi-common","WHILE_TO_FOR","2","No changes detected---no transform"
"3","RuoYi/ruoyi-common","WHILE_TO_FOR","2","No changes detected---no transform"
"4","RuoYi/ruoyi-common","WHILE_TO_FOR","2","No changes detected---no transform"
"5","RuoYi/ruoyi-common","WHILE_TO_FOR","2","No changes detected---no transform"
"6","RuoYi/ruoyi-common","WHILE_TO_FOR","2","No changes detected---no transform"
"7","RuoYi/ruoyi-common","WHILE_TO_FOR","2","No changes detected---no transform"
"8","RuoYi/ruoyi-common","WHILE_TO_FOR","2","No changes detected---no transform"
"9","RuoYi/ruoyi-common","WHILE_TO_FOR","2","No changes detected---no transform"
"1","RuoYi","WHILE_TO_FOR","2","No changes detected---no transform"
"2","RuoYi","WHILE_TO_FOR","2","No changes detected---no transform"
"3","RuoYi","WHILE_TO_FOR","2","No changes detected---no transform"
"4","RuoYi","WHILE_TO_FOR","2","No changes detected---no transform"
"5","RuoYi","WHILE_TO_FOR","2","No changes detected---no transform"
"6","RuoYi","WHILE_TO_FOR","2","No changes detected---no transform"
"7","RuoYi","WHILE_TO_FOR","2","No changes detected---no transform"
"8","RuoYi","WHILE_TO_FOR","2","No changes detected---no transform"
"9","RuoYi","WHILE_TO_FOR","2","No changes detected---no transform"
"10","RuoYi","WHILE_TO_FOR","2","No changes detected---no transform"
"11","RuoYi","WHILE_TO_FOR","2","No changes detected---no transform"
"12","RuoYi","WHILE_TO_FOR","2","No changes detected---no transform"
"13","RuoYi","WHILE_TO_FOR","2","No changes detected---no transform"
"14","RuoYi","WHILE_TO_FOR","2","No changes detected---no transform"
"15","RuoYi","WHILE_TO_FOR","2","No changes detected---no transform"
"16","RuoYi","WHILE_TO_FOR","2","No changes detected---no transform"
"17","RuoYi","WHILE_TO_FOR","2","No changes detected---no transform"
"18","RuoYi","WHILE_TO_FOR","2","No changes detected---no transform"
"19","RuoYi","WHILE_TO_FOR","2","No changes detected---no transform"
"20","RuoYi","WHILE_TO_FOR","2","No changes detected---no transform"
"21","RuoYi","WHILE_TO_FOR","2","No changes detected---no transform"
"22","RuoYi","WHILE_TO_FOR","2","No changes detected---no transform"
"23","RuoYi","WHILE_TO_FOR","2","No changes detected---no transform"
"24","RuoYi","WHILE_TO_FOR","2","No changes detected---no transform"
"25","RuoYi","WHILE_TO_FOR","2","No changes detected---no transform"
"26","RuoYi","WHILE_TO_FOR","2","No changes detected---no transform"
"27","RuoYi","WHILE_TO_FOR","2","No changes detected---no transform"
"28","RuoYi","WHILE_TO_FOR","2","No changes detected---no transform"
"29","RuoYi","WHILE_TO_FOR","2","No changes detected---no transform"
"30","RuoYi","WHILE_TO_FOR","2","No changes detected---no transform"
"31","RuoYi","WHILE_TO_FOR","2","No changes detected---no transform"
"32","RuoYi","WHILE_TO_FOR","2","No changes detected---no transform"
"33","RuoYi","WHILE_TO_FOR","2","No changes detected---no transform"
"34","RuoYi","WHILE_TO_FOR","2","No changes detected---no transform"
"35","RuoYi","WHILE_TO_FOR","2","No changes detected---no transform"
"36","RuoYi","WHILE_TO_FOR","2","No changes detected---no transform"
"37","RuoYi","WHILE_TO_FOR","2","No changes detected---no transform"
"38","RuoYi","WHILE_TO_FOR","2","No changes detected---no transform"
"39","RuoYi","WHILE_TO_FOR","2","No changes detected---no transform"
"40","RuoYi","WHILE_TO_FOR","2","No changes detected---no transform"
"41","RuoYi","WHILE_TO_FOR","2","No changes detected---no transform"
"42","RuoYi","WHILE_TO_FOR","2","No changes detected---no transform"
"43","RuoYi","WHILE_TO_FOR","2","No changes detected---no transform"
"44","RuoYi","WHILE_TO_FOR","2","No changes detected---no transform"
"45","RuoYi","WHILE_TO_FOR","2","No changes detected---no transform"
"46","RuoYi","WHILE_TO_FOR","2","No changes detected---no transform"
"47","RuoYi","WHILE_TO_FOR","2","No changes detected---no transform"
"48","RuoYi","WHILE_TO_FOR","2","No changes detected---no transform"
"49","RuoYi","WHILE_TO_FOR","2","No changes detected---no transform"
"0","RuoYi","WHILE_TO_FOR","2","No changes detected---no transform"
"1","RuoYi","WHILE_TO_FOR","2","No changes detected---no transform"
"2","RuoYi","WHILE_TO_FOR","2","No changes detected---no transform"
"3","RuoYi","WHILE_TO_FOR","2","No changes detected---no transform"
"4","RuoYi","WHILE_TO_FOR","2","No changes detected---no transform"
"5","RuoYi","WHILE_TO_FOR","2","No changes detected---no transform"
"6","RuoYi","WHILE_TO_FOR","2","No changes detected---no transform"
"7","RuoYi","WHILE_TO_FOR","2","No changes detected---no transform"
"8","RuoYi","WHILE_TO_FOR","2","No changes detected---no transform"
"9","RuoYi","WHILE_TO_FOR","2","No changes detected---no transform"
"10","RuoYi","WHILE_TO_FOR","2","No changes detected---no transform"
"11","RuoYi","WHILE_TO_FOR","2","No changes detected---no transform"
"12","RuoYi","WHILE_TO_FOR","2","No changes detected---no transform"
"13","RuoYi","WHILE_TO_FOR","2","No changes detected---no transform"
"14","RuoYi","WHILE_TO_FOR","2","No changes detected---no transform"
"15","RuoYi","WHILE_TO_FOR","2","No changes detected---no transform"
"16","RuoYi","WHILE_TO_FOR","2","No changes detected---no transform"
"17","RuoYi","WHILE_TO_FOR","2","No changes detected---no transform"
"18","RuoYi","WHILE_TO_FOR","2","No changes detected---no transform"
"19","RuoYi","WHILE_TO_FOR","2","No changes detected---no transform"
"20","RuoYi","WHILE_TO_FOR","2","No changes detected---no transform"
"21","RuoYi","WHILE_TO_FOR","2","No changes detected---no transform"
"22","RuoYi","WHILE_TO_FOR","2","No changes detected---no transform"
"23","RuoYi","WHILE_TO_FOR","2","No changes detected---no transform"
"24","RuoYi","WHILE_TO_FOR","2","No changes detected---no transform"
"25","RuoYi","WHILE_TO_FOR","2","No changes detected---no transform"
"26","RuoYi","WHILE_TO_FOR","2","No changes detected---no transform"
"27","RuoYi","WHILE_TO_FOR","2","No changes detected---no transform"
"28","RuoYi","WHILE_TO_FOR","2","No changes detected---no transform"
"29","RuoYi","WHILE_TO_FOR","2","No changes detected---no transform"
"30","RuoYi","WHILE_TO_FOR","2","No changes detected---no transform"
"31","RuoYi","WHILE_TO_FOR","2","No changes detected---no transform"
"32","RuoYi","WHILE_TO_FOR","2","No changes detected---no transform"
"33","RuoYi","WHILE_TO_FOR","2","No changes detected---no transform"
"34","RuoYi","WHILE_TO_FOR","2","No changes detected---no transform"
"35","RuoYi","WHILE_TO_FOR","2","No changes detected---no transform"
"36","RuoYi","WHILE_TO_FOR","2","No changes detected---no transform"
"37","RuoYi","WHILE_TO_FOR","2","No changes detected---no transform"
"38","RuoYi","WHILE_TO_FOR","2","No changes detected---no transform"
"39","RuoYi","WHILE_TO_FOR","2","No changes detected---no transform"
"40","RuoYi","WHILE_TO_FOR","2","No changes detected---no transform"
"41","RuoYi","WHILE_TO_FOR","2","No changes detected---no transform"
"42","RuoYi","WHILE_TO_FOR","2","No changes detected---no transform"
"43","RuoYi","WHILE_TO_FOR","2","No changes detected---no transform"
"44","RuoYi","WHILE_TO_FOR","2","No changes detected---no transform"
"45","RuoYi","WHILE_TO_FOR","2","No changes detected---no transform"
"46","RuoYi","WHILE_TO_FOR","2","No changes detected---no transform"
"47","RuoYi","WHILE_TO_FOR","2","No changes detected---no transform"
"48","RuoYi","WHILE_TO_FOR","2","No changes detected---no transform"
"49","RuoYi","WHILE_TO_FOR","2","No changes detected---no transform"
"1","RuoYi","WHILE_TO_FOR","2","No changes detected---no transform"
"2","RuoYi","WHILE_TO_FOR","2","No changes detected---no transform"
"3","RuoYi","WHILE_TO_FOR","2","No changes detected---no transform"
"4","RuoYi","WHILE_TO_FOR","2","No changes detected---no transform"
"5","RuoYi","WHILE_TO_FOR","2","No changes detected---no transform"
"6","RuoYi","WHILE_TO_FOR","2","No changes detected---no transform"
"7","RuoYi","WHILE_TO_FOR","2","No changes detected---no transform"
"8","RuoYi","WHILE_TO_FOR","2","No changes detected---no transform"
"9","RuoYi","WHILE_TO_FOR","2","No changes detected---no transform"
"10","RuoYi","WHILE_TO_FOR","2","No changes detected---no transform"
"11","RuoYi","WHILE_TO_FOR","2","No changes detected---no transform"
"12","RuoYi","WHILE_TO_FOR","2","No changes detected---no transform"
"13","RuoYi","WHILE_TO_FOR","2","No changes detected---no transform"
"14","RuoYi","WHILE_TO_FOR","2","No changes detected---no transform"
"15","RuoYi","WHILE_TO_FOR","2","No changes detected---no transform"
"16","RuoYi","WHILE_TO_FOR","2","No changes detected---no transform"
"17","RuoYi","WHILE_TO_FOR","2","No changes detected---no transform"
"18","RuoYi","WHILE_TO_FOR","2","No changes detected---no transform"
"19","RuoYi","WHILE_TO_FOR","2","No changes detected---no transform"
"20","RuoYi","WHILE_TO_FOR","2","No changes detected---no transform"
"21","RuoYi","WHILE_TO_FOR","2","No changes detected---no transform"
"22","RuoYi","WHILE_TO_FOR","2","No changes detected---no transform"
"23","RuoYi","WHILE_TO_FOR","2","No changes detected---no transform"
"24","RuoYi","WHILE_TO_FOR","2","No changes detected---no transform"
"25","RuoYi","WHILE_TO_FOR","2","No changes detected---no transform"
"26","RuoYi","WHILE_TO_FOR","2","No changes detected---no transform"
"27","RuoYi","WHILE_TO_FOR","2","No changes detected---no transform"
"28","RuoYi","WHILE_TO_FOR","2","No changes detected---no transform"
"29","RuoYi","WHILE_TO_FOR","2","No changes detected---no transform"
"30","RuoYi","WHILE_TO_FOR","2","No changes detected---no transform"
"31","RuoYi","WHILE_TO_FOR","2","No changes detected---no transform"
"32","RuoYi","WHILE_TO_FOR","2","No changes detected---no transform"
"33","RuoYi","WHILE_TO_FOR","2","No changes detected---no transform"
"34","RuoYi","WHILE_TO_FOR","2","No changes detected---no transform"
"35","RuoYi","WHILE_TO_FOR","2","No changes detected---no transform"
"36","RuoYi","WHILE_TO_FOR","2","No changes detected---no transform"
"37","RuoYi","WHILE_TO_FOR","2","No changes detected---no transform"
"38","RuoYi","WHILE_TO_FOR","2","No changes detected---no transform"
"39","RuoYi","WHILE_TO_FOR","2","No changes detected---no transform"
"40","RuoYi","WHILE_TO_FOR","2","No changes detected---no transform"
"41","RuoYi","WHILE_TO_FOR","2","No changes detected---no transform"
"42","RuoYi","WHILE_TO_FOR","2","No changes detected---no transform"
"43","RuoYi","WHILE_TO_FOR","2","No changes detected---no transform"
"44","RuoYi","WHILE_TO_FOR","2","No changes detected---no transform"
"45","RuoYi","WHILE_TO_FOR","2","No changes detected---no transform"
"46","RuoYi","WHILE_TO_FOR","2","No changes detected---no transform"
"47","RuoYi","WHILE_TO_FOR","2","No changes detected---no transform"
"48","RuoYi","WHILE_TO_FOR","2","No changes detected---no transform"
"49","RuoYi","WHILE_TO_FOR","2","No changes detected---no transform"
"2","RuoYi","LOOP_IF_CONTINUE_TO_ELSE","11","No changes detected---no transform"
"4","RuoYi","IF_DIVIDING","9","No changes detected---no transform"
"5","RuoYi","ADD_ASSIGNMENT_TO_EQUAL_ASSIGNMENT","7","No changes detected---no transform"
"6","RuoYi","INFIX_EXPRESSION_DIVIDING","8","No changes detected---no transform"
"7","RuoYi","PRE_POST_FIX_EXPRESSION_DIVIDING","16","No changes detected---no transform"
"11","RuoYi","SWITCH_STRING_EQUAL","15","No changes detected---no transform"
"12","RuoYi","CASE_TO_IF_ELSE","17","No changes detected---no transform"
"14","RuoYi","LOOP_IF_CONTINUE_TO_ELSE","11","No changes detected---no transform"
"18","RuoYi","ADD_ASSIGNMENT_TO_EQUAL_ASSIGNMENT","7","No changes detected---no transform"
"19","RuoYi","INFIX_EXPRESSION_DIVIDING","8","No changes detected---no transform"
"21","RuoYi","LOOP_IF_CONTINUE_TO_ELSE","11","No changes detected---no transform"
"23","RuoYi","PP_TO_ADD_ASSIGNMENT","6","No changes detected---no transform"
"27","RuoYi","PP_TO_ADD_ASSIGNMENT","6","No changes detected---no transform"
"28","RuoYi","SWITCH_STRING_EQUAL","15","No changes detected---no transform"
"32","RuoYi","PRE_POST_FIX_EXPRESSION_DIVIDING","16","No changes detected---no transform"
"33","RuoYi","SWITCH_STRING_EQUAL","15","No changes detected---no transform"
"34","RuoYi","PP_TO_ADD_ASSIGNMENT","6","No changes detected---no transform"
"35","RuoYi","IF_DIVIDING","9","No changes detected---no transform"
"36","RuoYi","CASE_TO_IF_ELSE","17","No changes detected---no transform"
"37","RuoYi","IF_DIVIDING","9","No changes detected---no transform"
"39","RuoYi","WHILE_TO_FOR","2","No changes detected---no transform"
"42","RuoYi","CONDITIONAL_EXP_TO_SINGLE_IF","5","No changes detected---no transform"
"46","RuoYi","IF_DIVIDING","9","No changes detected---no transform"
"47","RuoYi","FOR_TO_WHILE","1","No changes detected---no transform"
"49","RuoYi","INFIX_EXPRESSION_DIVIDING","8","No changes detected---no transform"
"0","spring-data-neo4j","REVERSE_IF_ELSE","3","No changes detected---no transform"
"1","spring-data-neo4j","STATEMENTS_ORDER_REARRANGEMENT","10","No changes detected---no transform"
"2","spring-data-neo4j","IF_DIVIDING","9","No changes detected---no transform"
"3","spring-data-neo4j","CONDITIONAL_EXP_TO_SINGLE_IF","5","No changes detected---no transform"
"4","spring-data-neo4j","REVERSE_IF_ELSE","3","No changes detected---no transform"
"5","spring-data-neo4j","CASE_TO_IF_ELSE","17","No changes detected---no transform"
"6","spring-data-neo4j","STATEMENTS_ORDER_REARRANGEMENT","10","No changes detected---no transform"
"7","spring-data-neo4j","VAR_DECLARATION_MERGING","12","No changes detected---no transform"
"8","spring-data-neo4j","PRE_POST_FIX_EXPRESSION_DIVIDING","16","No changes detected---no transform"
"9","spring-data-neo4j","LOOP_IF_CONTINUE_TO_ELSE","11","No changes detected---no transform"
"11","spring-data-neo4j","VAR_DECLARATION_DIVIDING","13","No changes detected---no transform"
"12","spring-data-neo4j","VAR_DECLARATION_MERGING","12","No changes detected---no transform"
"14","spring-data-neo4j","VAR_DECLARATION_MERGING","12","No changes detected---no transform"
"15","spring-data-neo4j","SWITCH_EQUAL_SIDES","14","No changes detected---no transform"
"16","spring-data-neo4j","IF_DIVIDING","9","No changes detected---no transform"
"17","spring-data-neo4j","FOR_TO_WHILE","1","No changes detected---no transform"
"18","spring-data-neo4j","ADD_ASSIGNMENT_TO_EQUAL_ASSIGNMENT","7","No changes detected---no transform"
"19","spring-data-neo4j","SWITCH_EQUAL_SIDES","14","No changes detected---no transform"
"20","spring-data-neo4j","FOR_TO_WHILE","1","No changes detected---no transform"
"21","spring-data-neo4j","WHILE_TO_FOR","2","No changes detected---no transform"
"22","spring-data-neo4j","SINGLE_IF_TO_CONDITIONAL_EXP","4","No changes detected---no transform"
"23","spring-data-neo4j","FOR_TO_WHILE","1","No changes detected---no transform"
"24","spring-data-neo4j","SINGLE_IF_TO_CONDITIONAL_EXP","4","No changes detected---no transform"
"25","spring-data-neo4j","SWITCH_STRING_EQUAL","15","No changes detected---no transform"
"26","spring-data-neo4j","REVERSE_IF_ELSE","3","No changes detected---no transform"
"28","spring-data-neo4j","PP_TO_ADD_ASSIGNMENT","6","No changes detected---no transform"
"29","spring-data-neo4j","INFIX_EXPRESSION_DIVIDING","8","No changes detected---no transform"
"30","spring-data-neo4j","VAR_DECLARATION_DIVIDING","13","No changes detected---no transform"
"32","spring-data-neo4j","VAR_DECLARATION_DIVIDING","13","No changes detected---no transform"
"33","spring-data-neo4j","CONDITIONAL_EXP_TO_SINGLE_IF","5","No changes detected---no transform"
"34","spring-data-neo4j","SINGLE_IF_TO_CONDITIONAL_EXP","4","No changes detected---no transform"
"35","spring-data-neo4j","ADD_ASSIGNMENT_TO_EQUAL_ASSIGNMENT","7","No changes detected---no transform"
"36","spring-data-neo4j","PRE_POST_FIX_EXPRESSION_DIVIDING","16","No changes detected---no transform"
"37","spring-data-neo4j","REVERSE_IF_ELSE","3","No changes detected---no transform"
"38","spring-data-neo4j","VAR_DECLARATION_DIVIDING","13","No changes detected---no transform"
"39","spring-data-neo4j","WHILE_TO_FOR","2","No changes detected---no transform"
"40","spring-data-neo4j","CASE_TO_IF_ELSE","17","No changes detected---no transform"
"41","spring-data-neo4j","ADD_ASSIGNMENT_TO_EQUAL_ASSIGNMENT","7","No changes detected---no transform"
"42","spring-data-neo4j","VAR_DECLARATION_MERGING","12","No changes detected---no transform"
"43","spring-data-neo4j","PP_TO_ADD_ASSIGNMENT","6","No changes detected---no transform"
"44","spring-data-neo4j","INFIX_EXPRESSION_DIVIDING","8","No changes detected---no transform"
"46","spring-data-neo4j","CASE_TO_IF_ELSE","17","No changes detected---no transform"
"47","spring-data-neo4j","PRE_POST_FIX_EXPRESSION_DIVIDING","16","No changes detected---no transform"
"48","spring-data-neo4j","CONDITIONAL_EXP_TO_SINGLE_IF","5","No changes detected---no transform"
"49","spring-data-neo4j","IF_DIVIDING","9","No changes detected---no transform"
"0","spring-data-neo4j","SWITCH_EQUAL_SIDES","14","No changes detected---no transform"
"1","spring-data-neo4j","WHILE_TO_FOR","2","No changes detected---no transform"
"2","spring-data-neo4j","WHILE_TO_FOR","2","No changes detected---no transform"
"3","spring-data-neo4j","IF_DIVIDING","9","No changes detected---no transform"
"4","spring-data-neo4j","SWITCH_STRING_EQUAL","15","No changes detected---no transform"
"5","spring-data-neo4j","SINGLE_IF_TO_CONDITIONAL_EXP","4","No changes detected---no transform"
"0","WebGoat","PP_TO_ADD_ASSIGNMENT","6","No changes detected---no transform"
"1","WebGoat","IF_DIVIDING","9","No changes detected---no transform"
"2","WebGoat","FOR_TO_WHILE","1","No changes detected---no transform"
"3","WebGoat","SINGLE_IF_TO_CONDITIONAL_EXP","4","No changes detected---no transform"
"4","WebGoat","PRE_POST_FIX_EXPRESSION_DIVIDING","16","No changes detected---no transform"
"5","WebGoat","SINGLE_IF_TO_CONDITIONAL_EXP","4","No changes detected---no transform"
"6","WebGoat","SINGLE_IF_TO_CONDITIONAL_EXP","4","No changes detected---no transform"
"7","WebGoat","CONDITIONAL_EXP_TO_SINGLE_IF","5","No changes detected---no transform"
"8","WebGoat","REVERSE_IF_ELSE","3","No changes detected---no transform"
"9","WebGoat","IF_DIVIDING","9","No changes detected---no transform"
"10","WebGoat","INFIX_EXPRESSION_DIVIDING","8","No changes detected---no transform"
"11","WebGoat","WHILE_TO_FOR","2","No changes detected---no transform"
"12","WebGoat","IF_DIVIDING","9","No changes detected---no transform"
"13","WebGoat","VAR_DECLARATION_DIVIDING","13","No changes detected---no transform"
"14","WebGoat","VAR_DECLARATION_MERGING","12","No changes detected---no transform"
"15","WebGoat","WHILE_TO_FOR","2","No changes detected---no transform"
"16","WebGoat","VAR_DECLARATION_MERGING","12","No changes detected---no transform"
"17","WebGoat","ADD_ASSIGNMENT_TO_EQUAL_ASSIGNMENT","7","No changes detected---no transform"
"18","WebGoat","STATEMENTS_ORDER_REARRANGEMENT","10","No changes detected---no transform"
"19","WebGoat","PRE_POST_FIX_EXPRESSION_DIVIDING","16","No changes detected---no transform"
"20","WebGoat","CONDITIONAL_EXP_TO_SINGLE_IF","5","No changes detected---no transform"
"21","WebGoat","STATEMENTS_ORDER_REARRANGEMENT","10","No changes detected---no transform"
"22","WebGoat","PP_TO_ADD_ASSIGNMENT","6","No changes detected---no transform"
"23","WebGoat","SINGLE_IF_TO_CONDITIONAL_EXP","4","No changes detected---no transform"
"24","WebGoat","INFIX_EXPRESSION_DIVIDING","8","No changes detected---no transform"
"25","WebGoat","WHILE_TO_FOR","2","No changes detected---no transform"
"26","WebGoat","PP_TO_ADD_ASSIGNMENT","6","No changes detected---no transform"
"27","WebGoat","INFIX_EXPRESSION_DIVIDING","8","No changes detected---no transform"
"28","WebGoat","INFIX_EXPRESSION_DIVIDING","8","No changes detected---no transform"
"29","WebGoat","FOR_TO_WHILE","1","No changes detected---no transform"
"30","WebGoat","LOOP_IF_CONTINUE_TO_ELSE","11","No changes detected---no transform"
"31","WebGoat","SWITCH_STRING_EQUAL","15","No changes detected---no transform"
"32","WebGoat","PRE_POST_FIX_EXPRESSION_DIVIDING","16","No changes detected---no transform"
"33","WebGoat","LOOP_IF_CONTINUE_TO_ELSE","11","No changes detected---no transform"
"34","WebGoat","VAR_DECLARATION_MERGING","12","No changes detected---no transform"
"35","WebGoat","WHILE_TO_FOR","2","No changes detected---no transform"
"36","WebGoat","REVERSE_IF_ELSE","3","No changes detected---no transform"
"37","WebGoat","STATEMENTS_ORDER_REARRANGEMENT","10","No changes detected---no transform"
"39","WebGoat","PP_TO_ADD_ASSIGNMENT","6","No changes detected---no transform"
"40","WebGoat","CASE_TO_IF_ELSE","17","No changes detected---no transform"
"41","WebGoat","SWITCH_STRING_EQUAL","15","No changes detected---no transform"
"42","WebGoat","REVERSE_IF_ELSE","3","No changes detected---no transform"
"43","WebGoat","VAR_DECLARATION_MERGING","12","No changes detected---no transform"
"44","WebGoat","CONDITIONAL_EXP_TO_SINGLE_IF","5","No changes detected---no transform"
"45","WebGoat","REVERSE_IF_ELSE","3","No changes detected---no transform"
"46","WebGoat","CONDITIONAL_EXP_TO_SINGLE_IF","5","No changes detected---no transform"
"47","WebGoat","STATEMENTS_ORDER_REARRANGEMENT","10","No changes detected---no transform"
"48","WebGoat","REVERSE_IF_ELSE","3","No changes detected---no transform"
"0","WebGoat","SINGLE_IF_TO_CONDITIONAL_EXP","4","No changes detected---no transform"
"1","WebGoat","CONDITIONAL_EXP_TO_SINGLE_IF","5","No changes detected---no transform"
"2","WebGoat","STATEMENTS_ORDER_REARRANGEMENT","10","No changes detected---no transform"
"3","WebGoat","VAR_DECLARATION_DIVIDING","13","No changes detected---no transform"
"4","WebGoat","ADD_ASSIGNMENT_TO_EQUAL_ASSIGNMENT","7","No changes detected---no transform"
"8","WebGoat","SINGLE_IF_TO_CONDITIONAL_EXP","4","No changes detected---no transform"
"9","WebGoat","LOOP_IF_CONTINUE_TO_ELSE","11","No changes detected---no transform"
"10","WebGoat","ADD_ASSIGNMENT_TO_EQUAL_ASSIGNMENT","7","No changes detected---no transform"
"11","WebGoat","SWITCH_STRING_EQUAL","15","No changes detected---no transform"
"12","WebGoat","INFIX_EXPRESSION_DIVIDING","8","No changes detected---no transform"
"13","WebGoat","VAR_DECLARATION_MERGING","12","No changes detected---no transform"
"14","WebGoat","ADD_ASSIGNMENT_TO_EQUAL_ASSIGNMENT","7","No changes detected---no transform"
"16","WebGoat","IF_DIVIDING","9","No changes detected---no transform"
"17","WebGoat","LOOP_IF_CONTINUE_TO_ELSE","11","No changes detected---no transform"
"18","WebGoat","VAR_DECLARATION_DIVIDING","13","No changes detected---no transform"
"19","WebGoat","PRE_POST_FIX_EXPRESSION_DIVIDING","16","No changes detected---no transform"
"20","WebGoat","LOOP_IF_CONTINUE_TO_ELSE","11","No changes detected---no transform"
"21","WebGoat","STATEMENTS_ORDER_REARRANGEMENT","10","No changes detected---no transform"
"22","WebGoat","VAR_DECLARATION_DIVIDING","13","No changes detected---no transform"
"24","WebGoat","CASE_TO_IF_ELSE","17","No changes detected---no transform"
"25","WebGoat","PP_TO_ADD_ASSIGNMENT","6","No changes detected---no transform"
"26","WebGoat","PP_TO_ADD_ASSIGNMENT","6","No changes detected---no transform"
"27","WebGoat","ADD_ASSIGNMENT_TO_EQUAL_ASSIGNMENT","7","No changes detected---no transform"
"28","WebGoat","SINGLE_IF_TO_CONDITIONAL_EXP","4","No changes detected---no transform"
"29","WebGoat","WHILE_TO_FOR","2","No changes detected---no transform"
"30","WebGoat","CONDITIONAL_EXP_TO_SINGLE_IF","5","No changes detected---no transform"
"31","WebGoat","IF_DIVIDING","9","No changes detected---no transform"
"32","WebGoat","PP_TO_ADD_ASSIGNMENT","6","No changes detected---no transform"
"33","WebGoat","CASE_TO_IF_ELSE","17","No changes detected---no transform"
"34","WebGoat","CASE_TO_IF_ELSE","17","No changes detected---no transform"
"35","WebGoat","REVERSE_IF_ELSE","3","No changes detected---no transform"
"36","WebGoat","SWITCH_STRING_EQUAL","15","No changes detected---no transform"
"37","WebGoat","CASE_TO_IF_ELSE","17","No changes detected---no transform"
"38","WebGoat","WHILE_TO_FOR","2","No changes detected---no transform"
"39","WebGoat","VAR_DECLARATION_DIVIDING","13","No changes detected---no transform"
"40","WebGoat","INFIX_EXPRESSION_DIVIDING","8","No changes detected---no transform"
"41","WebGoat","SINGLE_IF_TO_CONDITIONAL_EXP","4","No changes detected---no transform"
"42","WebGoat","CONDITIONAL_EXP_TO_SINGLE_IF","5","No changes detected---no transform"
"44","WebGoat","PRE_POST_FIX_EXPRESSION_DIVIDING","16","No changes detected---no transform"
"45","WebGoat","CONDITIONAL_EXP_TO_SINGLE_IF","5","No changes detected---no transform"
"46","WebGoat","CASE_TO_IF_ELSE","17","No changes detected---no transform"
"47","WebGoat","SINGLE_IF_TO_CONDITIONAL_EXP","4","No changes detected---no transform"
"48","WebGoat","WHILE_TO_FOR","2","No changes detected---no transform"
"49","WebGoat","INFIX_EXPRESSION_DIVIDING","8","No changes detected---no transform"
"2","ruoyi-generator","LOOP_IF_CONTINUE_TO_ELSE","11","No changes detected---no transform"
"3","ruoyi-generator","PP_TO_ADD_ASSIGNMENT","6","No changes detected---no transform"
"5","ruoyi-generator","SWITCH_STRING_EQUAL","15","No changes detected---no transform"
"8","ruoyi-generator","SWITCH_EQUAL_SIDES","14","No changes detected---no transform"
"9","ruoyi-generator","ADD_ASSIGNMENT_TO_EQUAL_ASSIGNMENT","7","No changes detected---no transform"
"10","ruoyi-generator","SWITCH_EQUAL_SIDES","14","No changes detected---no transform"
"11","ruoyi-generator","WHILE_TO_FOR","2","No changes detected---no transform"
"12","ruoyi-generator","PP_TO_ADD_ASSIGNMENT","6","No changes detected---no transform"
"13","ruoyi-generator","ADD_ASSIGNMENT_TO_EQUAL_ASSIGNMENT","7","No changes detected---no transform"
"14","ruoyi-generator","PP_TO_ADD_ASSIGNMENT","6","No changes detected---no transform"
"15","ruoyi-generator","PP_TO_ADD_ASSIGNMENT","6","No changes detected---no transform"
"20","ruoyi-generator","VAR_DECLARATION_DIVIDING","13","No changes detected---no transform"
"22","ruoyi-generator","VAR_DECLARATION_DIVIDING","13","No changes detected---no transform"
"23","ruoyi-generator","WHILE_TO_FOR","2","No changes detected---no transform"
"24","ruoyi-generator","SWITCH_STRING_EQUAL","15","No changes detected---no transform"
"25","ruoyi-generator","ADD_ASSIGNMENT_TO_EQUAL_ASSIGNMENT","7","No changes detected---no transform"
"26","ruoyi-generator","PRE_POST_FIX_EXPRESSION_DIVIDING","16","No changes detected---no transform"
"27","ruoyi-generator","CASE_TO_IF_ELSE","17","No changes detected---no transform"
"28","ruoyi-generator","ADD_ASSIGNMENT_TO_EQUAL_ASSIGNMENT","7","No changes detected---no transform"
"29","ruoyi-generator","SWITCH_STRING_EQUAL","15","No changes detected---no transform"
"30","ruoyi-generator","WHILE_TO_FOR","2","No changes detected---no transform"
"31","ruoyi-generator","ADD_ASSIGNMENT_TO_EQUAL_ASSIGNMENT","7","No changes detected---no transform"
"32","ruoyi-generator","PRE_POST_FIX_EXPRESSION_DIVIDING","16","No changes detected---no transform"
"34","ruoyi-generator","VAR_DECLARATION_DIVIDING","13","No changes detected---no transform"
"36","ruoyi-generator","SWITCH_STRING_EQUAL","15","No changes detected---no transform"
"37","ruoyi-generator","VAR_DECLARATION_MERGING","12","No changes detected---no transform"
"38","ruoyi-generator","ADD_ASSIGNMENT_TO_EQUAL_ASSIGNMENT","7","No changes detected---no transform"
"39","ruoyi-generator","FOR_TO_WHILE","1","No changes detected---no transform"
"40","ruoyi-generator","LOOP_IF_CONTINUE_TO_ELSE","11","No changes detected---no transform"
"41","ruoyi-generator","WHILE_TO_FOR","2","No changes detected---no transform"
"42","ruoyi-generator","SWITCH_EQUAL_SIDES","14","No changes detected---no transform"
"43","ruoyi-generator","CONDITIONAL_EXP_TO_SINGLE_IF","5","No changes detected---no transform"
"44","ruoyi-generator","CONDITIONAL_EXP_TO_SINGLE_IF","5","No changes detected---no transform"
"45","ruoyi-generator","CONDITIONAL_EXP_TO_SINGLE_IF","5","No changes detected---no transform"
"46","ruoyi-generator","PP_TO_ADD_ASSIGNMENT","6","No changes detected---no transform"
"47","ruoyi-generator","PRE_POST_FIX_EXPRESSION_DIVIDING","16","No changes detected---no transform"
"48","ruoyi-generator","SWITCH_STRING_EQUAL","15","No changes detected---no transform"
"49","ruoyi-generator","FOR_TO_WHILE","1","No changes detected---no transform"
"1","webmagic-scripts","VAR_DECLARATION_DIVIDING","13","No changes detected---no transform"
"3","webmagic-scripts","FOR_TO_WHILE","1","No changes detected---no transform"
"4","webmagic-scripts","CASE_TO_IF_ELSE","17","No changes detected---no transform"
"5","webmagic-scripts","ADD_ASSIGNMENT_TO_EQUAL_ASSIGNMENT","7","No changes detected---no transform"
"6","webmagic-scripts","IF_DIVIDING","9","No changes detected---no transform"
"7","webmagic-scripts","SINGLE_IF_TO_CONDITIONAL_EXP","4","No changes detected---no transform"
"8","webmagic-scripts","REVERSE_IF_ELSE","3","No changes detected---no transform"
"9","webmagic-scripts","PP_TO_ADD_ASSIGNMENT","6","No changes detected---no transform"
"11","webmagic-scripts","VAR_DECLARATION_DIVIDING","13","No changes detected---no transform"
"12","webmagic-scripts","CONDITIONAL_EXP_TO_SINGLE_IF","5","No changes detected---no transform"
"13","webmagic-scripts","ADD_ASSIGNMENT_TO_EQUAL_ASSIGNMENT","7","No changes detected---no transform"
"14","webmagic-scripts","FOR_TO_WHILE","1","No changes detected---no transform"
"15","webmagic-scripts","PRE_POST_FIX_EXPRESSION_DIVIDING","16","No changes detected---no transform"
"16","webmagic-scripts","REVERSE_IF_ELSE","3","No changes detected---no transform"
"17","webmagic-scripts","CASE_TO_IF_ELSE","17","No changes detected---no transform"
"18","webmagic-scripts","SWITCH_EQUAL_SIDES","14","No changes detected---no transform"
"20","webmagic-scripts","WHILE_TO_FOR","2","No changes detected---no transform"
"21","webmagic-scripts","VAR_DECLARATION_DIVIDING","13","No changes detected---no transform"
"22","webmagic-scripts","LOOP_IF_CONTINUE_TO_ELSE","11","No changes detected---no transform"
"23","webmagic-scripts","IF_DIVIDING","9","No changes detected---no transform"
"24","webmagic-scripts","VAR_DECLARATION_DIVIDING","13","No changes detected---no transform"
"25","webmagic-scripts","SWITCH_EQUAL_SIDES","14","No changes detected---no transform"
"26","webmagic-scripts","ADD_ASSIGNMENT_TO_EQUAL_ASSIGNMENT","7","No changes detected---no transform"
"28","webmagic-scripts","INFIX_EXPRESSION_DIVIDING","8","No changes detected---no transform"
"29","webmagic-scripts","PP_TO_ADD_ASSIGNMENT","6","No changes detected---no transform"
"30","webmagic-scripts","SWITCH_STRING_EQUAL","15","No changes detected---no transform"
"31","webmagic-scripts","SINGLE_IF_TO_CONDITIONAL_EXP","4","No changes detected---no transform"
"32","webmagic-scripts","ADD_ASSIGNMENT_TO_EQUAL_ASSIGNMENT","7","No changes detected---no transform"
"33","webmagic-scripts","SINGLE_IF_TO_CONDITIONAL_EXP","4","No changes detected---no transform"
"34","webmagic-scripts","CASE_TO_IF_ELSE","17","No changes detected---no transform"
"35","webmagic-scripts","PRE_POST_FIX_EXPRESSION_DIVIDING","16","No changes detected---no transform"
"36","webmagic-scripts","VAR_DECLARATION_DIVIDING","13","No changes detected---no transform"
"37","webmagic-scripts","INFIX_EXPRESSION_DIVIDING","8","No changes detected---no transform"
"38","webmagic-scripts","SINGLE_IF_TO_CONDITIONAL_EXP","4","No changes detected---no transform"
"39","webmagic-scripts","INFIX_EXPRESSION_DIVIDING","8","No changes detected---no transform"
"40","webmagic-scripts","VAR_DECLARATION_DIVIDING","13","No changes detected---no transform"
"41","webmagic-scripts","VAR_DECLARATION_MERGING","12","No changes detected---no transform"
"42","webmagic-scripts","SWITCH_EQUAL_SIDES","14","No changes detected---no transform"
"43","webmagic-scripts","LOOP_IF_CONTINUE_TO_ELSE","11","No changes detected---no transform"
"45","webmagic-scripts","SWITCH_EQUAL_SIDES","14","No changes detected---no transform"
"46","webmagic-scripts","INFIX_EXPRESSION_DIVIDING","8","No changes detected---no transform"
"47","webmagic-scripts","SWITCH_STRING_EQUAL","15","No changes detected---no transform"
"48","webmagic-scripts","SWITCH_STRING_EQUAL","15","No changes detected---no transform"
"49","webmagic-scripts","PP_TO_ADD_ASSIGNMENT","6","No changes detected---no transform"
"1","webmagic-saxon","VAR_DECLARATION_MERGING","12","No changes detected---no transform"
"2","webmagic-saxon","VAR_DECLARATION_DIVIDING","13","No changes detected---no transform"
"3","webmagic-saxon","ADD_ASSIGNMENT_TO_EQUAL_ASSIGNMENT","7","No changes detected---no transform"
"4","webmagic-saxon","STATEMENTS_ORDER_REARRANGEMENT","10","No changes detected---no transform"
"5","webmagic-saxon","CASE_TO_IF_ELSE","17","No changes detected---no transform"
"6","webmagic-saxon","INFIX_EXPRESSION_DIVIDING","8","No changes detected---no transform"
"7","webmagic-saxon","STATEMENTS_ORDER_REARRANGEMENT","10","No changes detected---no transform"
"8","webmagic-saxon","PRE_POST_FIX_EXPRESSION_DIVIDING","16","No changes detected---no transform"
"9","webmagic-saxon","SWITCH_STRING_EQUAL","15","No changes detected---no transform"
"10","webmagic-saxon","VAR_DECLARATION_DIVIDING","13","No changes detected---no transform"
"11","webmagic-saxon","IF_DIVIDING","9","No changes detected---no transform"
"12","webmagic-saxon","IF_DIVIDING","9","No changes detected---no transform"
"13","webmagic-saxon","ADD_ASSIGNMENT_TO_EQUAL_ASSIGNMENT","7","No changes detected---no transform"
"14","webmagic-saxon","STATEMENTS_ORDER_REARRANGEMENT","10","No changes detected---no transform"
"15","webmagic-saxon","WHILE_TO_FOR","2","No changes detected---no transform"
"16","webmagic-saxon","CASE_TO_IF_ELSE","17","No changes detected---no transform"
"17","webmagic-saxon","CONDITIONAL_EXP_TO_SINGLE_IF","5","No changes detected---no transform"
"18","webmagic-saxon","STATEMENTS_ORDER_REARRANGEMENT","10","No changes detected---no transform"
"20","webmagic-saxon","FOR_TO_WHILE","1","No changes detected---no transform"
"21","webmagic-saxon","SINGLE_IF_TO_CONDITIONAL_EXP","4","No changes detected---no transform"
"22","webmagic-saxon","LOOP_IF_CONTINUE_TO_ELSE","11","No changes detected---no transform"
"23","webmagic-saxon","STATEMENTS_ORDER_REARRANGEMENT","10","No changes detected---no transform"
"24","webmagic-saxon","CASE_TO_IF_ELSE","17","No changes detected---no transform"
"25","webmagic-saxon","PRE_POST_FIX_EXPRESSION_DIVIDING","16","No changes detected---no transform"
"27","webmagic-saxon","CONDITIONAL_EXP_TO_SINGLE_IF","5","No changes detected---no transform"
"28","webmagic-saxon","LOOP_IF_CONTINUE_TO_ELSE","11","No changes detected---no transform"
"29","webmagic-saxon","CONDITIONAL_EXP_TO_SINGLE_IF","5","No changes detected---no transform"
"30","webmagic-saxon","REVERSE_IF_ELSE","3","No changes detected---no transform"
"31","webmagic-saxon","PRE_POST_FIX_EXPRESSION_DIVIDING","16","No changes detected---no transform"
"32","webmagic-saxon","WHILE_TO_FOR","2","No changes detected---no transform"
"33","webmagic-saxon","CONDITIONAL_EXP_TO_SINGLE_IF","5","No changes detected---no transform"
"34","webmagic-saxon","IF_DIVIDING","9","No changes detected---no transform"
"35","webmagic-saxon","SINGLE_IF_TO_CONDITIONAL_EXP","4","No changes detected---no transform"
"36","webmagic-saxon","PRE_POST_FIX_EXPRESSION_DIVIDING","16","No changes detected---no transform"
"37","webmagic-saxon","CASE_TO_IF_ELSE","17","No changes detected---no transform"
"38","webmagic-saxon","ADD_ASSIGNMENT_TO_EQUAL_ASSIGNMENT","7","No changes detected---no transform"
"39","webmagic-saxon","LOOP_IF_CONTINUE_TO_ELSE","11","No changes detected---no transform"
"40","webmagic-saxon","SINGLE_IF_TO_CONDITIONAL_EXP","4","No changes detected---no transform"
"41","webmagic-saxon","CONDITIONAL_EXP_TO_SINGLE_IF","5","No changes detected---no transform"
"42","webmagic-saxon","FOR_TO_WHILE","1","No changes detected---no transform"
"43","webmagic-saxon","SWITCH_STRING_EQUAL","15","No changes detected---no transform"
"44","webmagic-saxon","IF_DIVIDING","9","No changes detected---no transform"
"45","webmagic-saxon","VAR_DECLARATION_DIVIDING","13","No changes detected---no transform"
"46","webmagic-saxon","IF_DIVIDING","9","No changes detected---no transform"
"47","webmagic-saxon","PP_TO_ADD_ASSIGNMENT","6","No changes detected---no transform"
"48","webmagic-saxon","PP_TO_ADD_ASSIGNMENT","6","No changes detected---no transform"
"49","webmagic-saxon","ADD_ASSIGNMENT_TO_EQUAL_ASSIGNMENT","7","No changes detected---no transform"
"2","webmagic-core","LOOP_IF_CONTINUE_TO_ELSE","11","No changes detected---no transform"
"4","webmagic-core","INFIX_EXPRESSION_DIVIDING","8","No changes detected---no transform"
"5","webmagic-core","PRE_POST_FIX_EXPRESSION_DIVIDING","16","No changes detected---no transform"
"6","webmagic-core","SWITCH_STRING_EQUAL","15","No changes detected---no transform"
"7","webmagic-core","CASE_TO_IF_ELSE","17","No changes detected---no transform"
"8","webmagic-core","ADD_ASSIGNMENT_TO_EQUAL_ASSIGNMENT","7","No changes detected---no transform"
"9","webmagic-core","CASE_TO_IF_ELSE","17","No changes detected---no transform"
"10","webmagic-core","SINGLE_IF_TO_CONDITIONAL_EXP","4","No changes detected---no transform"
"11","webmagic-core","CASE_TO_IF_ELSE","17","No changes detected---no transform"
"12","webmagic-core","VAR_DECLARATION_DIVIDING","13","No changes detected---no transform"
"13","webmagic-core","SINGLE_IF_TO_CONDITIONAL_EXP","4","No changes detected---no transform"
"14","webmagic-core","PP_TO_ADD_ASSIGNMENT","6","No changes detected---no transform"
"16","webmagic-core","STATEMENTS_ORDER_REARRANGEMENT","10","No changes detected---no transform"
"17","webmagic-core","CONDITIONAL_EXP_TO_SINGLE_IF","5","No changes detected---no transform"
"18","webmagic-core","SWITCH_EQUAL_SIDES","14","No changes detected---no transform"
"19","webmagic-core","LOOP_IF_CONTINUE_TO_ELSE","11","No changes detected---no transform"
"20","webmagic-core","WHILE_TO_FOR","2","No changes detected---no transform"
"22","webmagic-core","CONDITIONAL_EXP_TO_SINGLE_IF","5","No changes detected---no transform"
"23","webmagic-core","ADD_ASSIGNMENT_TO_EQUAL_ASSIGNMENT","7","No changes detected---no transform"
"24","webmagic-core","SWITCH_EQUAL_SIDES","14","No changes detected---no transform"
"25","webmagic-core","PP_TO_ADD_ASSIGNMENT","6","No changes detected---no transform"
"26","webmagic-core","IF_DIVIDING","9","No changes detected---no transform"
"27","webmagic-core","PRE_POST_FIX_EXPRESSION_DIVIDING","16","No changes detected---no transform"
"28","webmagic-core","STATEMENTS_ORDER_REARRANGEMENT","10","No changes detected---no transform"
"29","webmagic-core","PRE_POST_FIX_EXPRESSION_DIVIDING","16","No changes detected---no transform"
"30","webmagic-core","VAR_DECLARATION_DIVIDING","13","No changes detected---no transform"
"32","webmagic-core","PP_TO_ADD_ASSIGNMENT","6","No changes detected---no transform"
"33","webmagic-core","VAR_DECLARATION_MERGING","12","No changes detected---no transform"
"34","webmagic-core","SINGLE_IF_TO_CONDITIONAL_EXP","4","No changes detected---no transform"
"35","webmagic-core","VAR_DECLARATION_MERGING","12","No changes detected---no transform"
"36","webmagic-core","PRE_POST_FIX_EXPRESSION_DIVIDING","16","No changes detected---no transform"
"37","webmagic-core","VAR_DECLARATION_DIVIDING","13","No changes detected---no transform"
"38","webmagic-core","SWITCH_STRING_EQUAL","15","No changes detected---no transform"
"39","webmagic-core","SWITCH_EQUAL_SIDES","14","No changes detected---no transform"
"40","webmagic-core","SINGLE_IF_TO_CONDITIONAL_EXP","4","No changes detected---no transform"
"41","webmagic-core","ADD_ASSIGNMENT_TO_EQUAL_ASSIGNMENT","7","No changes detected---no transform"
"42","webmagic-core","IF_DIVIDING","9","No changes detected---no transform"
"43","webmagic-core","SWITCH_EQUAL_SIDES","14","No changes detected---no transform"
"44","webmagic-core","ADD_ASSIGNMENT_TO_EQUAL_ASSIGNMENT","7","No changes detected---no transform"
"46","webmagic-core","ADD_ASSIGNMENT_TO_EQUAL_ASSIGNMENT","7","No changes detected---no transform"
"47","webmagic-core","PRE_POST_FIX_EXPRESSION_DIVIDING","16","No changes detected---no transform"
"49","webmagic-core","SWITCH_EQUAL_SIDES","14","No changes detected---no transform"
"1","webmagic-extension","STATEMENTS_ORDER_REARRANGEMENT","10","No changes detected---no transform"
"2","webmagic-extension","WHILE_TO_FOR","2","No changes detected---no transform"
"3","webmagic-extension","LOOP_IF_CONTINUE_TO_ELSE","11","No changes detected---no transform"
"4","webmagic-extension","SWITCH_EQUAL_SIDES","14","No changes detected---no transform"
"5","webmagic-extension","WHILE_TO_FOR","2","No changes detected---no transform"
"6","webmagic-extension","ADD_ASSIGNMENT_TO_EQUAL_ASSIGNMENT","7","No changes detected---no transform"
"7","webmagic-extension","INFIX_EXPRESSION_DIVIDING","8","No changes detected---no transform"
"8","webmagic-extension","VAR_DECLARATION_MERGING","12","No changes detected---no transform"
"9","webmagic-extension","ADD_ASSIGNMENT_TO_EQUAL_ASSIGNMENT","7","No changes detected---no transform"
"10","webmagic-extension","SWITCH_STRING_EQUAL","15","No changes detected---no transform"
"12","webmagic-extension","ADD_ASSIGNMENT_TO_EQUAL_ASSIGNMENT","7","No changes detected---no transform"
"13","webmagic-extension","SWITCH_EQUAL_SIDES","14","No changes detected---no transform"
"14","webmagic-extension","REVERSE_IF_ELSE","3","No changes detected---no transform"
"15","webmagic-extension","REVERSE_IF_ELSE","3","No changes detected---no transform"
"16","webmagic-extension","IF_DIVIDING","9","No changes detected---no transform"
"18","webmagic-extension","WHILE_TO_FOR","2","No changes detected---no transform"
"19","webmagic-extension","STATEMENTS_ORDER_REARRANGEMENT","10","No changes detected---no transform"
"20","webmagic-extension","VAR_DECLARATION_MERGING","12","No changes detected---no transform"
"21","webmagic-extension","VAR_DECLARATION_MERGING","12","No changes detected---no transform"
"22","webmagic-extension","WHILE_TO_FOR","2","No changes detected---no transform"
"23","webmagic-extension","WHILE_TO_FOR","2","No changes detected---no transform"
"24","webmagic-extension","VAR_DECLARATION_DIVIDING","13","No changes detected---no transform"
"25","webmagic-extension","FOR_TO_WHILE","1","No changes detected---no transform"
"26","webmagic-extension","REVERSE_IF_ELSE","3","No changes detected---no transform"
"28","webmagic-extension","VAR_DECLARATION_DIVIDING","13","No changes detected---no transform"
"29","webmagic-extension","WHILE_TO_FOR","2","No changes detected---no transform"
"32","webmagic-extension","SWITCH_EQUAL_SIDES","14","No changes detected---no transform"
"33","webmagic-extension","FOR_TO_WHILE","1","No changes detected---no transform"
"34","webmagic-extension","PP_TO_ADD_ASSIGNMENT","6","No changes detected---no transform"
"35","webmagic-extension","VAR_DECLARATION_MERGING","12","No changes detected---no transform"
"36","webmagic-extension","FOR_TO_WHILE","1","No changes detected---no transform"
"37","webmagic-extension","PRE_POST_FIX_EXPRESSION_DIVIDING","16","No changes detected---no transform"
"39","webmagic-extension","FOR_TO_WHILE","1","No changes detected---no transform"
"40","webmagic-extension","STATEMENTS_ORDER_REARRANGEMENT","10","No changes detected---no transform"
"41","webmagic-extension","REVERSE_IF_ELSE","3","No changes detected---no transform"
"42","webmagic-extension","SWITCH_EQUAL_SIDES","14","No changes detected---no transform"
"43","webmagic-extension","INFIX_EXPRESSION_DIVIDING","8","No changes detected---no transform"
"44","webmagic-extension","PP_TO_ADD_ASSIGNMENT","6","No changes detected---no transform"
"45","webmagic-extension","SINGLE_IF_TO_CONDITIONAL_EXP","4","No changes detected---no transform"
"47","webmagic-extension","SWITCH_STRING_EQUAL","15","No changes detected---no transform"
"48","webmagic-extension","CASE_TO_IF_ELSE","17","No changes detected---no transform"
"49","webmagic-extension","FOR_TO_WHILE","1","No changes detected---no transform"
"0","webmagic-scripts","SWITCH_STRING_EQUAL","15","No changes detected---no transform"
"1","webmagic-scripts","SWITCH_EQUAL_SIDES","14","No changes detected---no transform"
"2","webmagic-scripts","SINGLE_IF_TO_CONDITIONAL_EXP","4","No changes detected---no transform"
"3","webmagic-scripts","IF_DIVIDING","9","No changes detected---no transform"
"4","webmagic-scripts","CASE_TO_IF_ELSE","17","No changes detected---no transform"
"5","webmagic-scripts","INFIX_EXPRESSION_DIVIDING","8","No changes detected---no transform"
"6","webmagic-scripts","WHILE_TO_FOR","2","No changes detected---no transform"
"7","webmagic-scripts","INFIX_EXPRESSION_DIVIDING","8","No changes detected---no transform"
"9","webmagic-scripts","SINGLE_IF_TO_CONDITIONAL_EXP","4","No changes detected---no transform"
"10","webmagic-scripts","SWITCH_EQUAL_SIDES","14","No changes detected---no transform"
"11","webmagic-scripts","CONDITIONAL_EXP_TO_SINGLE_IF","5","No changes detected---no transform"
"12","webmagic-scripts","LOOP_IF_CONTINUE_TO_ELSE","11","No changes detected---no transform"
"13","webmagic-scripts","SWITCH_EQUAL_SIDES","14","No changes detected---no transform"
"14","webmagic-scripts","INFIX_EXPRESSION_DIVIDING","8","No changes detected---no transform"
"15","webmagic-scripts","CONDITIONAL_EXP_TO_SINGLE_IF","5","No changes detected---no transform"
"16","webmagic-scripts","REVERSE_IF_ELSE","3","No changes detected---no transform"
"17","webmagic-scripts","WHILE_TO_FOR","2","No changes detected---no transform"
"18","webmagic-scripts","INFIX_EXPRESSION_DIVIDING","8","No changes detected---no transform"
"19","webmagic-scripts","PP_TO_ADD_ASSIGNMENT","6","No changes detected---no transform"
"20","webmagic-scripts","VAR_DECLARATION_DIVIDING","13","No changes detected---no transform"
"21","webmagic-scripts","SWITCH_EQUAL_SIDES","14","No changes detected---no transform"
"22","webmagic-scripts","SINGLE_IF_TO_CONDITIONAL_EXP","4","No changes detected---no transform"
"23","webmagic-scripts","REVERSE_IF_ELSE","3","No changes detected---no transform"
"24","webmagic-scripts","ADD_ASSIGNMENT_TO_EQUAL_ASSIGNMENT","7","No changes detected---no transform"
"25","webmagic-scripts","WHILE_TO_FOR","2","No changes detected---no transform"
"26","webmagic-scripts","INFIX_EXPRESSION_DIVIDING","8","No changes detected---no transform"
"27","webmagic-scripts","IF_DIVIDING","9","No changes detected---no transform"
"28","webmagic-scripts","FOR_TO_WHILE","1","No changes detected---no transform"
"29","webmagic-scripts","SINGLE_IF_TO_CONDITIONAL_EXP","4","No changes detected---no transform"
"30","webmagic-scripts","REVERSE_IF_ELSE","3","No changes detected---no transform"
"31","webmagic-scripts","WHILE_TO_FOR","2","No changes detected---no transform"
"32","webmagic-scripts","REVERSE_IF_ELSE","3","No changes detected---no transform"
"33","webmagic-scripts","VAR_DECLARATION_MERGING","12","No changes detected---no transform"
"35","webmagic-scripts","VAR_DECLARATION_DIVIDING","13","No changes detected---no transform"
"36","webmagic-scripts","ADD_ASSIGNMENT_TO_EQUAL_ASSIGNMENT","7","No changes detected---no transform"
"37","webmagic-scripts","SWITCH_STRING_EQUAL","15","No changes detected---no transform"
"38","webmagic-scripts","VAR_DECLARATION_MERGING","12","No changes detected---no transform"
"39","webmagic-scripts","INFIX_EXPRESSION_DIVIDING","8","No changes detected---no transform"
"40","webmagic-scripts","ADD_ASSIGNMENT_TO_EQUAL_ASSIGNMENT","7","No changes detected---no transform"
"41","webmagic-scripts","REVERSE_IF_ELSE","3","No changes detected---no transform"
"42","webmagic-scripts","VAR_DECLARATION_DIVIDING","13","No changes detected---no transform"
"43","webmagic-scripts","INFIX_EXPRESSION_DIVIDING","8","No changes detected---no transform"
"44","webmagic-scripts","PP_TO_ADD_ASSIGNMENT","6","No changes detected---no transform"
"45","webmagic-scripts","VAR_DECLARATION_MERGING","12","No changes detected---no transform"
"47","webmagic-scripts","PRE_POST_FIX_EXPRESSION_DIVIDING","16","No changes detected---no transform"
"48","webmagic-scripts","VAR_DECLARATION_MERGING","12","No changes detected---no transform"
"49","webmagic-scripts","ADD_ASSIGNMENT_TO_EQUAL_ASSIGNMENT","7","No changes detected---no transform"
"2","webmagic-samples","PRE_POST_FIX_EXPRESSION_DIVIDING","16","No changes detected---no transform"
"4","webmagic-samples","VAR_DECLARATION_DIVIDING","13","No changes detected---no transform"
"5","webmagic-samples","VAR_DECLARATION_DIVIDING","13","No changes detected---no transform"
"6","webmagic-samples","INFIX_EXPRESSION_DIVIDING","8","No changes detected---no transform"
"7","webmagic-samples","SWITCH_EQUAL_SIDES","14","No changes detected---no transform"
"8","webmagic-samples","IF_DIVIDING","9","No changes detected---no transform"
"9","webmagic-samples","VAR_DECLARATION_DIVIDING","13","No changes detected---no transform"
"10","webmagic-samples","FOR_TO_WHILE","1","No changes detected---no transform"
"11","webmagic-samples","IF_DIVIDING","9","No changes detected---no transform"
"12","webmagic-samples","INFIX_EXPRESSION_DIVIDING","8","No changes detected---no transform"
"13","webmagic-samples","VAR_DECLARATION_DIVIDING","13","No changes detected---no transform"
"14","webmagic-samples","FOR_TO_WHILE","1","No changes detected---no transform"
"16","webmagic-samples","SWITCH_STRING_EQUAL","15","No changes detected---no transform"
"17","webmagic-samples","STATEMENTS_ORDER_REARRANGEMENT","10","No changes detected---no transform"
"19","webmagic-samples","VAR_DECLARATION_DIVIDING","13","No changes detected---no transform"
"20","webmagic-samples","WHILE_TO_FOR","2","No changes detected---no transform"
"21","webmagic-samples","CASE_TO_IF_ELSE","17","No changes detected---no transform"
"22","webmagic-samples","PP_TO_ADD_ASSIGNMENT","6","No changes detected---no transform"
"24","webmagic-samples","CASE_TO_IF_ELSE","17","No changes detected---no transform"
"25","webmagic-samples","FOR_TO_WHILE","1","No changes detected---no transform"
"26","webmagic-samples","SINGLE_IF_TO_CONDITIONAL_EXP","4","No changes detected---no transform"
"28","webmagic-samples","PP_TO_ADD_ASSIGNMENT","6","No changes detected---no transform"
"30","webmagic-samples","PRE_POST_FIX_EXPRESSION_DIVIDING","16","No changes detected---no transform"
"31","webmagic-samples","STATEMENTS_ORDER_REARRANGEMENT","10","No changes detected---no transform"
"32","webmagic-samples","STATEMENTS_ORDER_REARRANGEMENT","10","No changes detected---no transform"
"33","webmagic-samples","PP_TO_ADD_ASSIGNMENT","6","No changes detected---no transform"
"35","webmagic-samples","VAR_DECLARATION_DIVIDING","13","No changes detected---no transform"
"36","webmagic-samples","IF_DIVIDING","9","No changes detected---no transform"
"38","webmagic-samples","CONDITIONAL_EXP_TO_SINGLE_IF","5","No changes detected---no transform"
"39","webmagic-samples","PP_TO_ADD_ASSIGNMENT","6","No changes detected---no transform"
"40","webmagic-samples","VAR_DECLARATION_MERGING","12","No changes detected---no transform"
"41","webmagic-samples","SWITCH_EQUAL_SIDES","14","No changes detected---no transform"
"43","webmagic-samples","PRE_POST_FIX_EXPRESSION_DIVIDING","16","No changes detected---no transform"
"44","webmagic-samples","WHILE_TO_FOR","2","No changes detected---no transform"
"45","webmagic-samples","ADD_ASSIGNMENT_TO_EQUAL_ASSIGNMENT","7","No changes detected---no transform"
"46","webmagic-samples","PP_TO_ADD_ASSIGNMENT","6","No changes detected---no transform"
"47","webmagic-samples","CONDITIONAL_EXP_TO_SINGLE_IF","5","No changes detected---no transform"
"48","webmagic-samples","CASE_TO_IF_ELSE","17","No changes detected---no transform"
"49","webmagic-samples","VAR_DECLARATION_MERGING","12","No changes detected---no transform"
"5","webmagic-selenium","INFIX_EXPRESSION_DIVIDING","8","No changes detected---no transform"
"6","webmagic-selenium","PRE_POST_FIX_EXPRESSION_DIVIDING","16","No changes detected---no transform"
"7","webmagic-selenium","PP_TO_ADD_ASSIGNMENT","6","No changes detected---no transform"
"8","webmagic-selenium","VAR_DECLARATION_DIVIDING","13","No changes detected---no transform"
"9","webmagic-selenium","ADD_ASSIGNMENT_TO_EQUAL_ASSIGNMENT","7","No changes detected---no transform"
"11","webmagic-selenium","CONDITIONAL_EXP_TO_SINGLE_IF","5","No changes detected---no transform"
"12","webmagic-selenium","CASE_TO_IF_ELSE","17","No changes detected---no transform"
"13","webmagic-selenium","INFIX_EXPRESSION_DIVIDING","8","No changes detected---no transform"
"14","webmagic-selenium","FOR_TO_WHILE","1","No changes detected---no transform"
"15","webmagic-selenium","IF_DIVIDING","9","No changes detected---no transform"
"16","webmagic-selenium","LOOP_IF_CONTINUE_TO_ELSE","11","No changes detected---no transform"
"17","webmagic-selenium","INFIX_EXPRESSION_DIVIDING","8","No changes detected---no transform"
"19","webmagic-selenium","VAR_DECLARATION_DIVIDING","13","No changes detected---no transform"
"21","webmagic-selenium","WHILE_TO_FOR","2","No changes detected---no transform"
"22","webmagic-selenium","VAR_DECLARATION_MERGING","12","No changes detected---no transform"
"24","webmagic-selenium","WHILE_TO_FOR","2","No changes detected---no transform"
"26","webmagic-selenium","CASE_TO_IF_ELSE","17","No changes detected---no transform"
"27","webmagic-selenium","CONDITIONAL_EXP_TO_SINGLE_IF","5","No changes detected---no transform"
"28","webmagic-selenium","CONDITIONAL_EXP_TO_SINGLE_IF","5","No changes detected---no transform"
"29","webmagic-selenium","CONDITIONAL_EXP_TO_SINGLE_IF","5","No changes detected---no transform"
"30","webmagic-selenium","SINGLE_IF_TO_CONDITIONAL_EXP","4","No changes detected---no transform"
"31","webmagic-selenium","VAR_DECLARATION_MERGING","12","No changes detected---no transform"
"32","webmagic-selenium","FOR_TO_WHILE","1","No changes detected---no transform"
"33","webmagic-selenium","ADD_ASSIGNMENT_TO_EQUAL_ASSIGNMENT","7","No changes detected---no transform"
"34","webmagic-selenium","VAR_DECLARATION_MERGING","12","No changes detected---no transform"
"35","webmagic-selenium","INFIX_EXPRESSION_DIVIDING","8","No changes detected---no transform"
"36","webmagic-selenium","PRE_POST_FIX_EXPRESSION_DIVIDING","16","No changes detected---no transform"
"39","webmagic-selenium","ADD_ASSIGNMENT_TO_EQUAL_ASSIGNMENT","7","No changes detected---no transform"
"40","webmagic-selenium","FOR_TO_WHILE","1","No changes detected---no transform"
"42","webmagic-selenium","PP_TO_ADD_ASSIGNMENT","6","No changes detected---no transform"
"43","webmagic-selenium","CASE_TO_IF_ELSE","17","No changes detected---no transform"
"44","webmagic-selenium","INFIX_EXPRESSION_DIVIDING","8","No changes detected---no transform"
"45","webmagic-selenium","CONDITIONAL_EXP_TO_SINGLE_IF","5","No changes detected---no transform"
"46","webmagic-selenium","SWITCH_STRING_EQUAL","15","No changes detected---no transform"
"48","webmagic-selenium","VAR_DECLARATION_MERGING","12","No changes detected---no transform"
"49","webmagic-selenium","PP_TO_ADD_ASSIGNMENT","6","No changes detected---no transform"
"1","webmagic-selenium","ADD_ASSIGNMENT_TO_EQUAL_ASSIGNMENT","7","No changes detected---no transform"
"2","webmagic-selenium","CASE_TO_IF_ELSE","17","No changes detected---no transform"
"5","webmagic-selenium","VAR_DECLARATION_DIVIDING","13","No changes detected---no transform"
"6","webmagic-selenium","LOOP_IF_CONTINUE_TO_ELSE","11","No changes detected---no transform"
"7","webmagic-selenium","PRE_POST_FIX_EXPRESSION_DIVIDING","16","No changes detected---no transform"
"8","webmagic-selenium","INFIX_EXPRESSION_DIVIDING","8","No changes detected---no transform"
"9","webmagic-selenium","CONDITIONAL_EXP_TO_SINGLE_IF","5","No changes detected---no transform"
"12","webmagic-selenium","SWITCH_STRING_EQUAL","15","No changes detected---no transform"
"14","webmagic-selenium","VAR_DECLARATION_DIVIDING","13","No changes detected---no transform"
"16","webmagic-selenium","SWITCH_STRING_EQUAL","15","No changes detected---no transform"
"17","webmagic-selenium","SWITCH_STRING_EQUAL","15","No changes detected---no transform"
"18","webmagic-selenium","CASE_TO_IF_ELSE","17","No changes detected---no transform"
"22","webmagic-selenium","SINGLE_IF_TO_CONDITIONAL_EXP","4","No changes detected---no transform"
"23","webmagic-selenium","CASE_TO_IF_ELSE","17","No changes detected---no transform"
"24","webmagic-selenium","IF_DIVIDING","9","No changes detected---no transform"
"25","webmagic-selenium","SINGLE_IF_TO_CONDITIONAL_EXP","4","No changes detected---no transform"
"26","webmagic-selenium","VAR_DECLARATION_DIVIDING","13","No changes detected---no transform"
"28","webmagic-selenium","PP_TO_ADD_ASSIGNMENT","6","No changes detected---no transform"
"29","webmagic-selenium","PP_TO_ADD_ASSIGNMENT","6","No changes detected---no transform"
"32","webmagic-selenium","INFIX_EXPRESSION_DIVIDING","8","No changes detected---no transform"
"34","webmagic-selenium","INFIX_EXPRESSION_DIVIDING","8","No changes detected---no transform"
"35","webmagic-selenium","PP_TO_ADD_ASSIGNMENT","6","No changes detected---no transform"
"36","webmagic-selenium","SWITCH_STRING_EQUAL","15","No changes detected---no transform"
"38","webmagic-selenium","VAR_DECLARATION_DIVIDING","13","No changes detected---no transform"
"39","webmagic-selenium","VAR_DECLARATION_MERGING","12","No changes detected---no transform"
"40","webmagic-selenium","VAR_DECLARATION_DIVIDING","13","No changes detected---no transform"
"41","webmagic-selenium","CASE_TO_IF_ELSE","17","No changes detected---no transform"
"43","webmagic-selenium","VAR_DECLARATION_DIVIDING","13","No changes detected---no transform"
"44","webmagic-selenium","LOOP_IF_CONTINUE_TO_ELSE","11","No changes detected---no transform"
"45","webmagic-selenium","ADD_ASSIGNMENT_TO_EQUAL_ASSIGNMENT","7","No changes detected---no transform"
"47","webmagic-selenium","IF_DIVIDING","9","No changes detected---no transform"
"48","webmagic-selenium","WHILE_TO_FOR","2","No changes detected---no transform"
"49","webmagic-selenium","VAR_DECLARATION_MERGING","12","No changes detected---no transform"
